id,name,website,operator,hq,hq_country,founded,headcount,work_types,classification,payout_frequency,payment_methods,eligible_countries,hiring_steps,description,pros,cons,listings.active,listings.last_90d,listings.first_seen,listings.last_seen,pay_observed_hourly_usd.median,pay_observed_hourly_usd.p25,pay_observed_hourly_usd.p75,pay_observed_hourly_usd.n,top_domains,profile_url,last_checked,stated_pay.min,stated_pay.max,stated_pay.unit,stated_pay.currency,trustpilot_sample.avg_rating,trustpilot_sample.reviews_sampled,trustpilot_sample.url,trustpilot_sample.scraped_at
afterquery,AfterQuery,https://afterquery.com,,"San Francisco, CA",US,,51-200,expert_data; rlhf; coding,contractor,weekly,stripe,"95 countries where Stripe pays out; 48 listed as unsupported, including Brazil, Nigeria, Egypt, Japan and China",application; assessment; id_verification,"AfterQuery is an applied research lab that turns expert work into AI training data: fine-tuning examples, reasoning traces, grading rubrics, agent environments and computer-use demonstrations. It works with domain experts to capture how they reason through real tasks.",Paid every Friday for the prior week's approved work; No fees from AfterQuery on payouts; Track every payout in Stripe or your Earnings dashboard,"Assessments are unpaid, and each pool's assessment can be taken once; There's no pass or fail notice; you hear back when a matching project comes up; Stripe is the only payout method, and the first payout has a 7-day hold",206,257,2026-06-08,2026-09-27,85,70,112,162,Languages:50; STEM:26; Generalist:26; Business:21; Healthcare:21,https://aitrainer.work/platforms/afterquery,2026-09-29,,,,,,,,
aligned-labs,Aligned Labs,https://alignedhq.ai,,"San Francisco, CA",US,,11-50,expert_data; rlhf; model_evaluation; red_teaming,,,,,application,"Aligned Labs, founded by ex-Google staff, matches PhDs and senior professionals to AI lab projects. You'll write novel training data, give RLHF feedback and evaluate model outputs in your field, and you set your own hourly rate.","You set your own hourly rate; Applications are reviewed within 48 hours; Network of 20,000+ experts across 50+ research domains",About page asks for 15+ years of experience or teaching certification; No pay figures published on the site,,,,,,,,,,,2026-09-29,,,,,,,,
alignerr,Alignerr,https://www.alignerr.com,Labelbox,,,,11-50,rlhf; model_evaluation; coding; expert_data; audio_speech; data_labeling,contractor,weekly,deel,Applicants from around the world who meet skill and communication requirements; visa holders only if their visa allows contract work,application; id_verification; ai_interview; assessment,"Alignerr is Labelbox's contributor platform. You'll write code challenges, domain prompts and voice data, or grade model outputs against rubrics. Rates are listed on each project before you start, and the homepage says contributors are paid weekly.",No minimum hours; the FAQ says many contributors work 20-25 hours a week; Pay is listed in each project description before you start; Homepage states contributors are paid weekly,Identity check through Persona is required for all contributors; Some jobs add a Zara AI interview or a skills assessment; Every project starts with a calibration phase where sample work is reviewed,7,38,2026-03-24,2026-09-17,,,,,Software Engineering:7,https://aitrainer.work/platforms/alignerr,2026-09-29,10,280,per_hour,USD,4.81,280,https://www.trustpilot.com/review/alignerr.com,2026-01-22
appen,Appen,https://appen.com,,"Sydney, Australia",AU,1996,501-1000,data_labeling; model_evaluation; expert_data; coding; translation,,,bank_transfer; paypal; payoneer; airtm,1M+ contributors across 170+ countries,application; id_verification,"Appen is an ASX-listed data company founded in Sydney in 1996. Its contributor platform, CrowdGen, pays you to evaluate, annotate and write content for AI training, with expert projects in code, law, medicine, finance and linguistics.","Pays via bank transfer, PayPal, Payoneer or Airtm; Rates are shown before you start; Contributors in 170+ countries and 235+ languages",Rates vary by location and skills; Signup includes a verification step,,,,,,,,,,,2026-09-29,,,,,,,,
atlas-capture,Atlas Capture,https://www.atlascapture.io,,,,,51-200,data_collection; image_video_annotation; data_labeling; model_evaluation,,biweekly,,"North America, Asia and Australia",,"Atlas Capture pays you to record short videos of everyday tasks like cooking and cleaning on an iPhone app, used to train robotics models. There are also text labeling and AI feedback tasks in the browser, and every task shows its pay upfront.",Paid biweekly with no minimum balance; No minimum hours or task quotas; Each task shows its pay before you start,"Recording tasks need an iPhone 11 or newer; Pay rates vary by region; Only available in North America, Asia and Australia",,,,,,,,,,,2026-09-29,,,,,,,,
blend-localization,BLEND,https://www.getblend.com,Tasq.ai,,,,,translation; audio_speech; data_labeling,,,,Freelancers in 172 countries,application,"BLEND, formerly One Hour Translation and now a Tasq.ai company, is a localization firm. Its freelancer portal takes translators and voice artists in 120+ languages, and it also sells AI training data annotation to clients.",Separate applications for translators and voice artists; Work across 120+ languages; Freelancer community in 172 countries,No pay rates or payment methods published on the freelancer page; Main site is aimed at business clients,,,,,,,,,,,2026-09-28,,,,,,,,
claru,Claru,https://claru.ai,Reka AI Inc.,,,2024,11-50,data_collection; rlhf; model_evaluation; image_video_annotation; red_teaming; coding; expert_data,contractor,biweekly,bank_transfer; wise; payoneer,"Most roles accept the US, Canada, Mexico and Brazil; capture variants also open in India, the Philippines, Indonesia, Vietnam, Argentina, Colombia, Chile and Peru",application,"Claru is Reka AI's data brand for physical and frontier AI. Contributors film first-person video of everyday tasks with gear Claru ships them, or do remote RLHF, annotation, code review and red teaming. Every listing shows its hourly rate in USD.","Every listing shows its hourly rate in USD; Paid bi-weekly via Wise, Payoneer or bank transfer; Applications are reviewed within 3-5 business days","Capture pay is set by region, from $5/hr in Asia to $15/hr in the US; Capture roles pay for accepted footage only; Camera equipment ships to you and goes back when the engagement ends",60,60,2026-09-20,2026-09-23,13,7,21,60,Generalist:38; Healthcare:9; Software Engineering:7; Business:4; STEM:1,https://aitrainer.work/platforms/claru,2026-09-29,5,100,per_hour,USD,,,,
clickworker,Clickworker,https://www.clickworker.com,LXT,"Essen, Germany",DE,,11-50,data_labeling; data_collection; research_studies,contractor,weekly,paypal; payoneer; bank_transfer,Workers in 136 countries; you must be allowed to work where you live,application; assessment,"Clickworker is a German microtask platform where registered freelancers do data collection, labeling, categorization, surveys and app testing. It's paid per task at a fixed amount published before you start, with a weekly bill run.","Weekly bill run, with PayPal payouts by Saturday; €10 minimum for PayPal and SEPA; Fixed pay per task, published in advance",Payment methods depend on your country; Bank payouts take 5-7 business days after the bill run,,,,,,,,,,,2026-09-29,,,,,,,,
cloudfactory,CloudFactory,https://www.cloudfactory.com,,,,2010,1001-5000,data_labeling; image_video_annotation; audio_speech; content_moderation,,monthly,bank_transfer,"Citizens of Nepal, Kenya, the Philippines or Colombia",application; assessment,"CloudFactory, founded in Nepal in 2010, hires Data Specialists for annotation, transcription, moderation and data extraction. You'll take a skills assessment and training, then get paid monthly into a local bank account.",Paid monthly into your local bank account; Training provided before you start; Part-time and full-time options,"Only open to citizens of Nepal, Kenya, the Philippines or Colombia; Some projects run on scheduled shifts",,,,,,,,,,,2026-09-29,,,,,,,,
cntxt-ai,CNTXT AI,https://www.cntxt.tech,,,,2021,51-200,model_evaluation; coding; expert_data,contractor,,,,application,"CNTXT AI is an Arabic-first AI and data company in the UAE. Its careers page lists remote hourly contractor roles for AI training, such as biology evaluators and Python and C++ coding experts.","Remote, hourly contractor roles; Listings for coding and science specialists",Most of the site is aimed at enterprise clients; No pay rates or payment methods published,,,,,,,,,,,2026-09-29,,,,,,,,
dataannotation,DataAnnotation Tech,https://dataannotation.tech,Surge AI,,,,5001-10000,rlhf; model_evaluation; data_labeling; coding; expert_data,contractor,on_demand,paypal,,application; assessment,"DataAnnotation pays remote contractors to rank AI responses, check facts, label data and review subject-specific content. You get in by passing a one-hour Starter Assessment, and the FAQ says it pays through PayPal within a few days of a withdrawal request.",Pay is sent via PayPal within a few days of each withdrawal request; Work on your own schedule with no long-term commitment; Coding and STEM projects are listed at $50-$100+/hr,"The Starter Assessment can only be taken once, with no retakes; The FAQ doesn't list which countries are eligible",0,11,2026-08-10,2026-08-10,,,,,,https://aitrainer.work/platforms/dataannotation-tech,2026-09-29,25,150,per_hour,USD,4.25,264,https://www.trustpilot.com/review/dataannotation.tech,2026-01-22
datamundi,DATAmundi,https://datamundi.ai,Summa Linguae Technologies,"Kraków, Poland",PL,,201-500,translation; data_labeling; data_collection; audio_speech,contractor,,,,application,"DATAmundi is the AI data and language brand of Summa Linguae Technologies, based in Kraków. Freelancers can register for data projects or localization work, including translation, editing, proofreading and QA.","Separate registration for data projects and localization; Needs translators in technical, medical, legal and finance fields",No pay rates or payment methods published; CAT tool knowledge recommended for translation work,,,,,,,,,,,2026-09-29,,,,,,,,
ethos,Ethos,https://www.askethos.com,,"London, UK",GB,,2-10,expert_data; model_evaluation; research_studies,contractor,varies,,,application; id_verification,"Ethos is an expert network run by Ethos Artificial Intelligence Limited in London. Its remote roles include creating and evaluating AI-generated work to help train an AI lab's language model, alongside paid consulting, advisory calls and market research.","Free for experts to use; Featured opportunities list an hourly rate, e.g. $70/hr up to $1.4k/week; Rate and payment method are confirmed in writing before each project",Ethos can require a third-party identity check before paying you; You can't take projects about an employer you worked for in the last six months,258,324,2026-03-23,2026-09-28,80,70,100,258,Generalist:96; Business:92; Software Engineering:14; Finance:13; Healthcare:13,https://aitrainer.work/platforms/ethos,2026-09-29,,,,,4,80,https://www.trustpilot.com/review/askethos.com,2026-08-20
handshake,Handshake,https://joinhandshake.com/ai,,,,,501-1000,model_evaluation; expert_data,,weekly,stripe,"US-based with valid work authorization (F-1 students on CPT or OPT eligible, STEM OPT excluded)",application; id_verification; background_check; assessment,"The Handshake AI Fellowship pays people with associate, bachelor's, master's or PhD backgrounds to evaluate and improve AI models remotely. It's run by the Handshake careers network, and payouts go out weekly through Stripe.",Hourly pay of $40-$125 stated on the fellowship page; Payouts are sent by Wednesday for the previous Monday-Sunday week; No prior AI experience required,Must be US-based with valid work authorization; Identity verification and a background check are part of onboarding,210,210,2026-01-01,2026-09-26,80,75,100,210,STEM:61; Business:39; Generalist:25; Healthcare:14; Software Engineering:12,https://aitrainer.work/platforms/handshake,2026-09-29,40,125,per_hour,USD,1.5,8,https://www.trustpilot.com/review/joinhandshake.com,2026-01-22
imerit,iMerit,https://imerit.ai,EXL,"San Jose, CA",US,2012,10001+,data_labeling; image_video_annotation; audio_speech; model_evaluation; rlhf; expert_data,,,,,application,"iMerit, now part of EXL, provides annotation, model evaluation and fine-tuning data across image, video, LiDAR, text and audio. Individuals join through iMerit Scholars, a remote programme for domain experts in fields like law, medicine, finance and maths.",Scholars work is remote and flexible; Projects run from days to long-term contracts; Scholars site lists fields from computer science and law to healthcare and humanities,Scholars page doesn't publish pay rates; No classification or payment method details on the Scholars homepage,0,15,2026-08-21,2026-08-21,,,,,,https://aitrainer.work/platforms/imerit,2026-09-29,,,,,,,,
innodata,Innodata,https://www.innodata.com,,"Ridgefield Park, NJ",US,,5001-10000,data_collection; data_labeling; rlhf; red_teaming; model_evaluation; expert_data,,,,,,"Innodata is a Nasdaq-listed (INOD) data engineering company in Ridgefield Park, New Jersey. It sells data collection, annotation, fine-tuning data, RLHF and red teaming to AI builders, and hires through its own careers site.","Publicly listed on Nasdaq as INOD; Says it has 11,500 in-house subject matter experts",Careers page doesn't describe a contributor programme; No pay rates published on the careers homepage,0,104,2026-04-17,2026-08-17,,,,,,https://aitrainer.work/platforms/innodata,2026-09-29,,,,,,,,
invisible-technologies,Invisible Technologies,https://invisibletech.ai,,,,,201-500,data_labeling; model_evaluation; expert_data,,,,,,"Invisible Technologies is an AI training and enterprise automation company. It recruits experts for data preparation, labeling and AI evaluation through its Meridial network, which it says holds 24,000+ vetted experts screened by skill, language and domain.","Expert network screens by skill, language and domain; 24,000+ vetted experts in the network","Expert applications go through a separate site, meridial.ai; No pay rates on the main site",,,,,,,,,,,2026-09-29,,,,,,,,
labela,Labela,https://www.labela.ai,Lumos AI Research Corp.,,,,11-50,expert_data,contractor,,,,,"Labela pays medical, health, chemistry and biology experts to train AI on their own schedule. It's run by Lumos AI Research Corp., and contributors sign an independent contractor consulting agreement governed by Delaware law.",Flexible schedule; Focused on medical and science expertise,"Contractor agreement: you handle your own taxes; Disputes settled by arbitration in Wilmington, Delaware",,,,,,,,,,,2026-09-29,,,,,,,,
lilt,Lilt,https://lilt.com,,,,2015,201-500,data_labeling; audio_speech; model_evaluation; translation,,varies,,,application,"LILT is an enterprise AI translation company founded in 2015. Its Horizon programme pays translators and linguists for labeling, transcription and evaluation tasks that train its multilingual models, and you'll get paid within 15 days of completing work.","Paid within 15 days of completed work; Work from anywhere, choose your hours",Aimed at professional translators and linguists; No rates published,,,,,,,,,,,2026-09-29,,,,,,,,
lionbridge,Lionbridge,https://www.lionbridge.com,,,,,5001-10000,data_collection; model_evaluation; data_labeling; audio_speech; expert_data; translation,contractor,,,,application; assessment,"Lionbridge is a translation and localisation company with an AI training programme for freelancers. You'll pick projects in data collection, model evaluation, annotation, transcription or prompt writing, pass assessments, then work in its AuroraStudio platform.","Freelance, you choose when and how much you work; Six task types, from annotation to prompt writing",Each project needs an application and assessments; Rates and payment methods only shown after registering,,,,,,,,,,,2026-09-29,,,,,,,,
luel,Luel,https://www.luel.ai,,,,,11-50,data_collection; audio_speech,,varies,,,,"Luel is a multimodal data lab that pays contributors to submit conversational audio, first-person videos and photos for AI training. Rates are set per task, for example $12/hr for American English conversations, and it claims 850,000+ contributors.","Payouts processed daily; Posted rates per task, e.g. $12/hr for English conversations; Discord community for contributors",Submissions are reviewed and can be rejected before payment; Rare-language audio pays $7.50/hr,,,,,,,,,,,2026-09-29,7.5,12,per_hour,USD,,,,
mercor,Mercor,https://mercor.com,,"San Francisco, CA",US,,201-500,expert_data; model_evaluation; rlhf,contractor,weekly,stripe; wise,"130+ countries via Stripe, plus Brazil, UAE, Nepal and Turkey via Wise; about 100 listed countries can't be onboarded",application; ai_interview; id_verification,"Mercor hires professionals as contractors to train and evaluate AI models in fields like law, medicine and finance. Applicants do an AI interview and a one-time Persona ID check, and pay lands every Wednesday via Stripe or Wise.",Paid every Wednesday for the previous work week; Homepage states an average contracted rate of $109/hr; Stripe Instant Payout gets funds to your bank in about 30 minutes for a 1% fee,Includes an AI interview; Identity is verified once through Persona; Payout bank account must be in your own legal name,1397,1511,2026-01-02,2026-09-29,75,50,100,1353,Languages:251; Generalist:201; STEM:183; Business:169; Healthcare:101,https://aitrainer.work/platforms/mercor,2026-09-29,,,,,4.68,272,https://www.trustpilot.com/review/mercor.io,2026-01-22
meridial,Meridial (Invisible),https://www.meridial.ai,Invisible Technologies,,,,201-500,rlhf; model_evaluation; red_teaming; expert_data,contractor,biweekly,,,application,"Meridial is Invisible Technologies' marketplace for expert contractors. You'll write and rank model responses, red team, design rewards and validate agent trajectories. Each engagement lists its rate range up front, and earnings are paid every two weeks.","Rate range is published on each engagement before you apply; Earnings are processed every two weeks; Work covers RLHF, SFT, red teaming and environment design",You sign a Statement of Work before starting a project; Signing up includes a profile confirmation step,494,508,2026-08-10,2026-09-26,,,,,Languages:243; Software Engineering:69; STEM:47; Voice Acting:32; Business:30,https://aitrainer.work/platforms/meridial-invisible,2026-09-29,,,,,,,,
micro1,Micro1,https://www.micro1.ai,,,,,51-200,expert_data; model_evaluation; data_collection,contractor,biweekly,deel,"Global, except about 20 listed countries including China, Russia, Iran, Venezuela and Ukraine",application; ai_interview; id_verification,"micro1 is a human data lab that trains and evaluates AI models. Experts in engineering, finance, healthcare, law and other fields apply, take an AI interview with its interviewer Zara, then join projects. Contracts and pay run through Deel.","Paid in USD twice a month; Open to most countries worldwide; Process is apply, AI interview, onboard, start",Includes an AI interview with an AI interviewer called Zara; Onboarding includes KYC identity verification; You sign a contractor agreement through Deel,402,771,2026-01-03,2026-09-29,63,35,105,333,Generalist:85; STEM:53; Legal:46; Languages:46; Software Engineering:40,https://aitrainer.work/platforms/micro1,2026-09-29,,,,,4.75,276,https://www.trustpilot.com/review/micro1.ai,2026-01-22
mindrift,Mindrift,https://mindrift.ai,Toloka AI BV,,,,501-1000,expert_data; model_evaluation,contractor,biweekly,payoneer; paypal,Global except 17 sanctioned countries and about 35 unsupported territories; 18+; some projects add their own requirements,application; assessment; id_verification,"Mindrift is Toloka's platform for AI trainers. You'll write prompts, rate AI answers and rewrite them into ideal responses across 90+ domains and 20+ languages. It's freelance work with no fixed hours, paid on the 5th and 20th of each month.","Paid twice a month, on the 5th and 20th; States $15-30/hr entry-level and $60-100+/hr for domain experts; No employment contract and no fixed hours","Specialised projects need a CV, an assessment and ID verification; Not available in 17 sanctioned countries plus about 35 unsupported territories; Pay is set per project",310,310,2026-01-05,2026-09-25,45,35,50,305,Software Engineering:108; Generalist:87; STEM:78; Design:29; Business:6,https://aitrainer.work/platforms/mindrift,2026-09-29,15,100,per_hour,USD,3.85,244,https://www.trustpilot.com/review/mindrift.ai,2026-01-22
oneforma,OneForma,https://www.oneforma.com,Centific,,,,10001+,image_video_annotation; data_labeling; data_collection; model_evaluation; audio_speech; translation,contractor,biweekly,payoneer; paypal; bank_transfer,100+ countries,application,"OneForma is Centific's crowd platform for annotation, data collection, AI judging, transcription and translation projects. You create a profile, get matched to projects, and see the rate before you accept. It pays twice a month with no application fees.","Paid twice a month, no minimum threshold, no fees; Rates shown before you accept a project; Available in 100+ countries",Payout method must be connected before any production work; Project availability depends on matching,,,,,,,,,,,2026-09-29,,,,,,,,
outlier,Outlier AI,https://outlier.ai,Scale AI,,,,10001+,expert_data; rlhf; coding,contractor,weekly,paypal; airtm; bank_transfer,About 50 countries; the list is not published. Needs a valid ID and mobile number from your country of residence.,application; assessment; id_verification,"Scale AI's freelance platform for AI training work. Contractors write prompts, build grading rubrics and rate model answers across coding, STEM and languages. Onboarding takes 30 to 90 minutes.","Paid weekly, every Tuesday; You see the task rate before you start a project; Payout by PayPal, Airtm or ACH bank transfer",Rates are not published before you sign up; You need an ID and phone number from your country of residence,8,23,2025-12-30,2026-09-29,,,,,Languages:5; Generalist:3,https://aitrainer.work/platforms/outlier-ai,2026-09-29,,,,,4.21,272,https://www.trustpilot.com/review/outlier.ai,2026-01-22
pareto-ai,Pareto AI,https://pareto.ai,,,,,51-200,expert_data,,,,,application,"Pareto AI builds human training data for AI models. Its expert network takes specialists in medicine, law, STEM, finance, software and languages, who create challenges and domain insight for model training. Applications are reviewed on a rolling basis.","Recruits across six fields, from medicine and law to software and linguistics; Applications are reviewed on a rolling basis",Pay rates aren't published on the experts page; Payment methods and schedule aren't stated publicly,,,,,,,,,,,2026-09-29,,,,,,,,
pasiflora-ai,Pasiflora AI,https://www.pasifloraai.com,,,,,2-10,expert_data; model_evaluation; data_labeling,contractor,,,,application; assessment,"Pasiflora AI connects credentialed specialists such as PhDs, MDs and JDs with companies training domain-specific models. Experts annotate, evaluate, write gold-standard answers and rank model outputs. You'll do a short voice assessment and a 30-minute training course before projects.",States rates of $35 to $250 an hour depending on domain and task; No minimum time commitment; you accept or decline invitations; No per-task applications once approved,Starts with a 3-question voice assessment and a qualification quiz; Most listings are interest lists for future projects; All task content is confidential,,,,,,,,,,,2026-09-29,35,250,per_hour,USD,,,,
pila8,Pila8,https://pila8.com/,,,,,501-1000,audio_speech; data_collection,,,,,,"Pila8 is a mobile app that pays you to record original human audio for AI training projects, from scripted prompts to conversations. Earnings post once a submission is approved, and pay is shown per opportunity.",Short everyday audio tasks of 2 to 4 minutes pay $5 to $12; Longer qualified projects of 20+ minutes pay $50 or more,Earnings only count once a submission is approved; Payment methods aren't listed on the info page,,,,,,,,,,,2026-09-29,5,50,per_task,USD,,,,
prolific,Prolific,https://www.prolific.com,,,,2014,51-200,research_studies; model_evaluation,,on_demand,paypal,"Residents of about 50 mostly OECD countries incl. US, UK, Canada, EU states, Australia, Japan, India, Brazil, Mexico, South Africa; 18+",application; id_verification; trial_task,"Prolific, founded at Oxford University in 2014, runs an online participant pool for academic research and AI developers. You'll take surveys, decision games and AI model evaluations. Researchers must pay at least £6 or $8 an hour.","Researchers must pay at least £6/$8 per hour; Pays in real money via PayPal, with no points or gift cards; Instant PayPal transfers after your first 4 cashouts",New participants join a waitlist before getting an invite; Minimum cashout is £6/$6; Only open to residents of listed countries,,,,,,,,,,,2026-09-29,8,,per_hour,USD,,,,
remotasks,Remotasks,https://remotasks.com,Scale AI,,,,5001-10000,data_labeling; image_video_annotation; audio_speech,,weekly,paypal; airtm,90+ countries,,"Remotasks is Scale AI's tasking platform where you label images, transcribe audio and annotate data used to train AI. Harder task tiers pay more, and it reports 240,000+ taskers across 90+ countries.",Taskers are paid weekly; Pays via PayPal or AirTM; Higher difficulty tiers pay more,No pay rates published on the homepage,,,,,,,,,,,2026-09-29,,,,,,,,
rex,Remo Experts,https://rex.zone,,,,,201-500,expert_data; coding,contractor,monthly,stripe; payoneer; wise,"Global, with some projects limited by client or regulatory rules; basic English and a bachelor's degree required",application; assessment; id_verification,"RemoExperts (REX) recruits subject-matter experts to train AI models, from coders and STEM PhDs to writers and video editors. It says it has 120K+ experts across 230+ domains. You'll take a 15-20 minute entry exam and verify your ID with Persona before applying to projects.","Pays through Stripe, Payoneer or Wise; Covers 230+ domains, from coding to cinematography; Fully remote, with experts in 50+ countries",Needs at least a bachelor's degree; Includes a 15-20 minute entry exam plus role-specific exams; ID verification through Persona,15,15,2026-03-23,2026-09-11,105,84,110,14,Generalist:7; Software Engineering:3; Healthcare:1; Legal:1; Business:1,https://aitrainer.work/platforms/remo-experts,2026-09-29,,,,,,,,
rise-data-labs,Rise Data Labs,https://risedatalabs.com,,,,,2-10,expert_data; model_evaluation; data_labeling,contractor,weekly,,"Experts worldwide; some roles limited to the US or to US, Canada and Europe",application; ai_interview; assessment,"Rise Data Labs supplies training and evaluation data for AI models using domain experts. You'll build work scenarios, write rubrics, grade AI outputs and spot reasoning errors. Most posted contract roles list $150 an hour.",Weekly payouts with no minimums; Most posted roles list $150/hour; No AI experience needed if you're a domain expert,Includes an AI or async interview and a domain skills test; Projects often expect 20 to 40 hours a week for about 2 weeks; Some roles are US-only,,,,,,,,,,,2026-09-29,150,150,per_hour,USD,,,,
rustlabs-ai,RustLabs AI,https://rustlabs.ai,,,,,2-10,expert_data; model_evaluation; coding; data_collection,,,,,application; trial_task,"rustLabs is an applied AI lab that builds RL environments, evaluations and expert data for AI labs. Its expert network of 8,200+ professionals covers software, finance, ML, STEM, law and medicine. Pay runs $20 to $100+ an hour by field.","States $20 to $100+ per hour, set by field and depth; Remote, self-scheduled work; Six fields open, including software, finance, legal and medical","You apply with proof of expertise such as GitHub, papers or a portfolio; Includes a short calibration task in your field",,,,,,,,,,,2026-09-29,20,100,per_hour,USD,,,,
rws,RWS (TrainAI),https://www.rws.com,,,,,5001-10000,model_evaluation; data_collection; data_labeling; image_video_annotation; audio_speech,contractor,per_task,paypal; bank_transfer,,application; assessment,"RWS runs the TrainAI community for freelance AI data work. You'll rate search results and ads, collect text, audio, image or video data, or annotate data. No experience is needed to join, and it's paid per task via PayPal or bank transfer.",No experience needed to join; Paid per task via PayPal or bank account; Pay details are shared before each task,Minimum age is 18; You supply your own computer and internet connection; Work comes as email invitations to projects you're matched to,0,65,2025-03-14,2026-08-17,,,,,,https://aitrainer.work/platforms/rws-trainai,2026-09-29,,,,,,,,
scale-ai,Scale AI,https://scale.com,,"San Francisco, CA",US,2016,501-1000,data_labeling; model_evaluation; red_teaming,,,,,,"Scale AI, founded in 2016 in San Francisco, provides training data, model evaluations and red-teaming for AI labs, enterprises and governments. It says it has paid $1B to contributors globally, who work through its platforms such as Remotasks.","Reports $1B paid to contributors globally; Over 1,000 employees","Contributor work runs through separate platforms, not scale.com; scale.com doesn't publish contributor pay rates",,,,,,,,,,,2026-09-29,,,,,,,,
sigma-ai,Sigma AI,https://sigma.ai,Sigma Group,,,,501-1000,audio_speech; image_video_annotation; data_labeling,contractor,,,"Varies by project; current listings target Latin America, India, North Africa and Europe",,"Sigma AI, part of Sigma Group, supplies AI training data and evaluation for enterprise clients across 700+ languages. It hires remote contractors for language-specific annotation of speech, text, image and video data, posted on its careers site.",Language-specific projects across 700+ languages and dialects; Listings are fully remote,Pay isn't listed on the careers page; Projects are tied to specific languages and regions,,,,,,,,,,,2026-09-29,,,,,,,,
silencio-ai,Silencio AI,https://www.silencio.network/,,,,,11-50,audio_speech; data_collection,,,crypto,180+ countries,,"Silencio runs a voice and audio data network for AI. Contributors record their own voice in their language, including low-resource languages, and are paid in stablecoin. It reports 2.5 million contributors across 180+ countries.",Operates in 180+ countries; Focus on low-resource languages and dialects,"Pays in stablecoin, so you'll need a crypto wallet; Pay rates aren't published on the homepage",,,,,,,,,,,2026-09-29,,,,,,,,
sme-careers,SME Careers,https://sme.careers/,SuperAnnotate,,,,11-50,expert_data; model_evaluation,contractor,weekly,deel,Countries supported by Deel,application; ai_interview; assessment; interview; id_verification,"SME Careers is SuperAnnotate's network for subject matter experts who train and evaluate AI models. You'll apply with a CV, take a recorded AI interview, and once screened you sign a Deel contract. Payouts are weekly, covering Monday to Sunday.",Weekly payouts through Deel; Paid exams show up as exam earnings; A human is involved in every final hiring decision,Includes a recorded AI interview; Some roles add a qualification exam or a call with the recruiting team; Needs a Deel contract and ID verification before payment,260,275,2026-03-31,2026-09-29,,,,,QA Testing:79; Languages:55; Software Engineering:42; Generalist:24; STEM:22,https://aitrainer.work/platforms/sme-careers,2026-09-29,,,,,,,,
snorkel-ai,Snorkel AI,https://snorkel.ai,,,,2019,201-500,expert_data; model_evaluation,contractor,weekly,,"Select locations only, confirmed during application",application; assessment,"Snorkel AI, founded out of the Stanford AI Lab in 2019, runs an Expert Community where specialists in math, law, finance, coding and sciences create hard questions, review peer data and evaluate model outputs. You're paid per project as an independent contractor.",Payments are processed weekly for accepted work; Approved experts can start contributing the same day; Many projects pay for attempts plus performance bonuses,"Only open in select locations; Pay is per project, with no hourly rate published",,,,,,,,,,,2026-09-29,,,,,,,,
sovrano,Sovrano AI,https://sovrano.ai,,"Barcelona, Spain",ES,2026,11-50,rlhf; model_evaluation; red_teaming,,,,,application; ai_interview,"Sovrano AI is a Barcelona team that grew out of CareerOS, a 2024 student job startup. It connects graduates and domain experts with paid AI evaluation work such as RLHF ranking, multilingual evaluation, fact-checking and red-teaming. Current listings are paid internships.","Free to join, sign up with email or Google; Work on your own schedule; Built on a network of 100+ university partners",Includes a short AI skills interview; Most listings are internships asking for a bachelor's or master's,11,23,2026-09-15,2026-09-29,,,,,Generalist:3; Business:3; Languages:2; Design:1; Legal:1,https://aitrainer.work/platforms/sovrano-ai,2026-09-29,,,,,,,,
stellar-ai,Stellar AI,https://joinstellar.ai,,,,,11-50,expert_data; coding; model_evaluation,contractor,weekly,paypal,,application; assessment,"Stellar AI hires contractors to write tasks for AI agents, turn GitHub PRs into coding tasks and draft expert rubrics. It's hourly work with a stated base rate of $25 an hour, and you'll take a skill-match test before joining the annotator pool.",States a base rate of $25 an hour; Pays weekly; No fixed schedule or minimum hours,Needs a PayPal account to get paid; No set timeframe between joining the pool and a first project; Requires fluency in English,,,,,,,,,,,2026-09-29,25,,per_hour,USD,,,,
surge-ai,Surge AI,https://surgehq.ai,,,,,51-200,model_evaluation; expert_data,contractor,,,,application; assessment,"Surge AI supplies human data and RL environments to AI labs. Its consultant programme pays finance, accounting, healthcare ops and coding professionals to critique model answers and design test scenarios. You'll apply through its DataAnnotation platform.",States $60/hr for ongoing work; Pays $100 for submitting an application and $100 more on acceptance; Work as much or as little as you like,"Programme covers set specialisms: finance, accounting, healthcare ops, coding; Includes an assessment; Payment method and schedule aren't stated on the page",,,,,,,,,,https://aitrainer.work/platforms/surge-ai,2026-09-29,60,60,per_hour,USD,,,,
taskverse,TaskVerse,https://www.taskverse.com,TaskUs,,,,,data_labeling; image_video_annotation; audio_speech; content_moderation,contractor,weekly,paypal,Registration opens country by country; unsupported countries get a waitlist,application,"TaskVerse is TaskUs's freelance task platform. Taskers pick up per-task work such as annotating images, recording speech, tagging words and transcribing audio. Approved tasks are paid weekly on Thursdays (US time) to PayPal.",No special skills needed to sign up; Pays weekly on Thursdays for approved tasks; Work on your own schedule from anywhere,PayPal is the only payout method listed; Registration is closed in some countries; Tasks aren't guaranteed after sign-up,,,,,,,,,,,2026-09-28,,,,,,,,
telus,TELUS Digital AI Community,https://www.telusdigital.com,,,,,10001+,model_evaluation; content_moderation; data_collection; translation,contractor,,,Set per role and country; e.g. the US Evaluator role needs 3 consecutive years of US residence,application; assessment; id_verification,"TELUS Digital runs an AI Community of over one million freelance contributors who collect, rate, translate and localise content for AI models. Roles like Evaluator or Internet Safety Evaluator are posted per country and language, and pay per task completed.",No previous professional experience needed for rater roles; Choose when and how much you work; Roles posted in dozens of countries and languages,"Language test, open-book qualification exam and ID check required; One participant per household; Content can include sensitive or upsetting material",0,133,2024-11-20,2026-08-17,,,,,,https://aitrainer.work/platforms/telus-digital-ai-community,2026-09-29,,,,,,,,
terac,Terac,https://terac.com,,,,,11-50,model_evaluation; expert_data; research_studies,,per_task,,,application; ai_interview,"Terac is an expert marketplace founded by Zac and Jack. It pays verified professionals for market research interviews and surveys, and for reviewing AI outputs in their field for AI labs. It says it has 160K+ registered experts and pays once a project is completed.",Two kinds of work: research interviews and AI output review; Homepage roles list $24-40 per hour worked; Payment terms are defined before a project starts,Includes a short conversational AI interview; Usually needs undergraduate-level expertise or professional experience; Payment arrives after the project is completed,21,30,2026-07-21,2026-09-29,75,35,95,11,Generalist:5; Finance:3; Healthcare:3; Data Science:3; Business:2,https://aitrainer.work/platforms/terac,2026-09-29,24,40,per_hour,USD,,,,
transperfect,TransPerfect,https://www.transperfect.com,,,,1992,5001-10000,data_collection; data_labeling; audio_speech; content_moderation; research_studies; model_evaluation; translation,both,varies,bank_transfer; paypal; gift_card,,,"DataForce is TransPerfect's AI data arm, with over a million data contributors. Through the DataForce Community you'll find remote and on-site projects in data collection, annotation, transcription and user studies. Pay is per task, per hour or a flat rate, depending on the project.","Payout options include wire transfer, PayPal and Tremendous gift cards; Each job announcement lists its own pay and payment terms; Offers remote projects, on-site studies and long-term roles",Remote projects pay only after a quality check that can take 2 to 6 weeks; Tax forms (W-9 or W-8) are required before payment,,,,,,,,,,,2026-09-29,,,,,,,,
turing,Turing,https://www.turing.com,,"San Francisco, CA",US,2018,1001-5000,expert_data; coding,contractor,,,,application; assessment; interview,"Turing is a San Francisco company, founded in 2018, that post-trains large language models for AI labs. Contractors use industry, technical or academic expertise to improve model accuracy and reasoning. You'll set your rate in your profile, then take skill assessments and live interviews.",You set your expected rate on your profile; Remote work with US companies; Open to all skill levels,Strong English required; Skill assessments and live interviews before matching; As a contractor you handle your own taxes,359,474,2026-03-10,2026-09-28,,,,,Software Engineering:95; Business:60; Generalist:55; STEM:53; Healthcare:14,https://aitrainer.work/platforms/turing,2026-09-29,,,,,4.33,216,https://www.trustpilot.com/review/turing.com,2026-02-02
uber-ai-solutions,Uber AI Solutions,https://www.uber.com/us/en/ai-solutions/,Uber,,,,5001-10000,model_evaluation; translation; data_collection; data_labeling; image_video_annotation; audio_speech,contractor,weekly,bank_transfer,Only where Uber AI Solutions is live; elsewhere you can join a waitlist,application; id_verification; assessment,"Uber AI Solutions is Uber's AI data business. Through it you can evaluate AI responses, translate content, test products, collect images and voice samples, and label photos and video. Pay goes out weekly, every Monday, for the previous week's tasks.","Pays weekly, every Monday, to a linked bank account; Each opportunity shows estimated pay and requirements up front; Free to sign up",Needs a government-issued ID upload; Only open where the service is live; elsewhere it's a waitlist; Opportunities aren't guaranteed,,,,,,,,,,,2026-09-29,,,,,,,,
verita-ai,Verita AI,https://www.verita-ai.com,,"San Francisco, CA",US,,2-10,model_evaluation; expert_data,,weekly,stripe,,application; ai_interview,"Verita AI is a San Francisco expert network that matches vetted professionals with paid AI training projects. You'll review AI answers in your field, write out your reasoning and answer scenario questions. Onboarding includes a 10 to 20 minute AI interview, and pay goes out weekly via Stripe.",Paid weekly via Stripe; Remote work on your own schedule; Says it has 9K+ senior professionals in its network,Includes a 10 to 20 minute AI interview; Applicants are screened for verified experience and tenure in their domain,,,,,,,,,,,2026-09-29,,,,,,,,
vetto,Vetto,https://www.vetto.ai,,,,,11-50,coding; model_evaluation; expert_data; data_collection,contractor,weekly,,,application,"Vetto connects professionals with AI labs for annotation and evaluation projects. You'll review and improve real-world scenarios used to train AI assistants, or record first-person video. Pay is per approved task, converted to your local currency and paid weekly.",Weekly payouts; Open roles and rates are visible without signing in,Application questions must be answered in English; Using AI on the application gets it blocked; Paid per approved task,4,9,2026-03-26,2026-09-27,,,,,Software Engineering:2; Languages:1; Generalist:1,https://aitrainer.work/platforms/vetto,2026-09-29,24,200,per_hour,USD,,,,
welocalize,Welocalize,https://www.welocalize.com,,"New York, NY",US,1997,1001-5000,model_evaluation; red_teaming; data_labeling; image_video_annotation; audio_speech; translation; rlhf,,varies,hyperwallet,,application; assessment,"Welocalize runs its AI training work through Welo Data, which says it has 500,000+ contributors. Projects include AI safety and harm rating, search relevance, multilingual annotation and LLM ranking. You'll apply, pass a language and cultural assessment plus a task exam, then onboard in Welo Works.","Flexible, task-based remote work; Optional study materials before the qualification exam; Says it supports 250+ locales",Qualification includes a language assessment and a task exam; Payment method and frequency are only confirmed at project onboarding,,,,,,,,,,,2026-09-29,,,,,,,,
workada,Workada,https://workada.com,,,,,11-50,data_labeling; image_video_annotation; model_evaluation; expert_data,,varies,stripe,United States and Canada,application; assessment; interview; id_verification,"Workada pays contributors to label images, annotate video, review financial documents and compare model outputs. Every applicant does a skill screen, an interview with the team and paid training. It's open to people in the US and Canada, with pay three times a week via Stripe.","Pays three times a week through Stripe; Training is paid before you start tasking; Listed roles show hourly rates, from $17/hr to $100/hr",Only accepts contributors in the US and Canada; Needs identity verification through Persona,,,,,,,,,,,2026-09-29,17,100,per_hour,USD,,,,
workbolt,Workbolt,https://workbolt.ai,"Ocular AI, Inc.","San Francisco, CA",US,,,audio_speech; model_evaluation; expert_data; coding,contractor,weekly,paypal; bank_transfer,,application; id_verification; assessment,"Workbolt is Ocular AI's platform for paid AI training work. It runs talent networks for engineers, STEM PhDs, lawyers and accountants, plus voice recording projects. Every listing on its jobs page shows an hourly range in USD.",Every public listing shows an hourly range in USD; Payments are processed weekly; Separate sign-up track for students and recent graduates,"Most listings are talent networks you join, not open projects; Rejected submissions aren't paid, and payment disputes must be raised within 30 days; The site doesn't list which countries it accepts",,,,,,,,,,,2026-09-28,20,250,per_hour,USD,,,,
